valid_time_utc,valid_time_jst,icao,airport_name,airport_lat,airport_lon,airport_elev_ft,airport_elev_m,mslp_hpa,surface_pressure_hpa,temp_c,rh_pct,u_ms,v_ms,wind_dir_deg_true,wind_dir_10deg_true,wind_speed_kt,wind_speed_kt_round
2026-10-04T03:00:00Z,2026-10-04T12:00:00+09:00,RJFC,屋久島,30.3850,130.6600,122,37.1856,1013.2441,997.1953,25.5029,79.0058,-2.7703,-3.8981,35.4012,40.0000,9.2959,9
2026-10-04T03:00:00Z,2026-10-04T12:00:00+09:00,RJFE,福江,32.6667,128.8333,251,76.5048,1015.8726,1009.2212,20.4493,85.3844,0.5185,-3.9388,352.5006,350.0000,7.7226,8
2026-10-04T03:00:00Z,2026-10-04T12:00:00+09:00,RJFG,種子島,30.6033,130.9883,768,234.0864,1013.0173,1002.1090,25.9583,76.4665,-3.0508,-3.4612,41.3938,40.0000,8.9685,9
2026-10-04T03:00:00Z,2026-10-04T12:00:00+09:00,RJFK,鹿児島,31.8033,130.7200,892,271.8816,1014.1483,991.8274,23.1207,71.7983,0.0273,-0.1521,349.8174,350.0000,0.3004,0
2026-10-04T03:00:00Z,2026-10-04T12:00:00+09:00,RJFM,宮崎,31.8767,131.4483,19,5.7912,1014.7160,1011.0444,23.6574,72.3661,-1.5308,-3.8649,21.6074,20.0000,8.0807,8
2026-10-04T03:00:00Z,2026-10-04T12:00:00+09:00,RJFO,大分,33.4800,131.7367,17,5.1816,1016.1908,1011.5251,22.0302,73.3710,-3.6083,-2.4833,55.4637,60.0000,8.5145,9
2026-10-04T03:00:00Z,2026-10-04T12:00:00+09:00,RJFS,佐賀,33.1500,130.3017,6,1.8288,1015.4599,1014.6045,21.3959,76.1090,-0.9415,-2.3548,21.7922,20.0000,4.9297,5
2026-10-04T03:00:00Z,2026-10-04T12:00:00+09:00,RJFT,熊本,32.8367,130.8550,632,192.6336,1014.5254,993.9465,22.3800,68.6696,-2.0539,-0.7260,70.5317,70.0000,4.2345,4
2026-10-04T03:00:00Z,2026-10-04T12:00:00+09:00,RJFU,長崎,32.9167,129.9133,8,2.4384,1015.2790,1009.6152,22.0804,64.7380,1.0497,-3.4179,342.9280,340.0000,6.9502,7
2026-10-04T03:00:00Z,2026-10-04T12:00:00+09:00,RJOA,広島,34.4367,132.9200,1086,331.0128,1017.8451,990.6503,16.4486,95.8602,-1.0993,-0.4069,69.6868,70.0000,2.2786,2
2026-10-04T03:00:00Z,2026-10-04T12:00:00+09:00,RJOM,松山,33.8267,132.7000,13,3.9624,1016.9131,1013.5850,20.6931,85.3143,-1.5452,-2.1727,35.4201,40.0000,5.1826,5
2026-10-04T04:00:00Z,2026-10-04T13:00:00+09:00,RJFC,屋久島,30.3850,130.6600,122,37.1856,1012.4068,996.3351,25.4083,78.7818,-2.8625,-4.5519,32.1641,30.0000,10.4523,10
2026-10-04T04:00:00Z,2026-10-04T13:00:00+09:00,RJFE,福江,32.6667,128.8333,251,76.5048,1014.9042,1008.3028,20.7745,80.0062,-0.4105,-2.5797,9.0408,10.0000,5.0776,5
2026-10-04T04:00:00Z,2026-10-04T13:00:00+09:00,RJFG,種子島,30.6033,130.9883,768,234.0864,1012.1631,1001.3258,26.0085,76.4522,-2.7551,-3.5541,37.7817,40.0000,8.7413,9
2026-10-04T04:00:00Z,2026-10-04T13:00:00+09:00,RJFK,鹿児島,31.8033,130.7200,892,271.8816,1013.3720,991.0833,23.7011,70.2035,-0.3547,-0.0703,78.7923,80.0000,0.7029,1
2026-10-04T04:00:00Z,2026-10-04T13:00:00+09:00,RJFM,宮崎,31.8767,131.4483,19,5.7912,1014.1376,1010.4753,23.5062,72.6059,-2.2061,-4.7655,24.8411,20.0000,10.2078,10
2026-10-04T04:00:00Z,2026-10-04T13:00:00+09:00,RJFO,大分,33.4800,131.7367,17,5.1816,1015.8885,1011.2733,21.2620,77.1936,-3.4791,-2.4274,55.0959,60.0000,8.2462,8
2026-10-04T04:00:00Z,2026-10-04T13:00:00+09:00,RJFS,佐賀,33.1500,130.3017,6,1.8288,1014.5717,1013.7238,21.9572,71.9253,-0.9806,-3.1079,17.5105,20.0000,6.3349,6
2026-10-04T04:00:00Z,2026-10-04T13:00:00+09:00,RJFT,熊本,32.8367,130.8550,632,192.6336,1014.1402,993.4728,21.2203,80.9972,-1.2637,-1.0035,51.5476,50.0000,3.1368,3
2026-10-04T04:00:00Z,2026-10-04T13:00:00+09:00,RJFU,長崎,32.9167,129.9133,8,2.4384,1014.5005,1008.8629,22.3299,63.5526,0.8794,-3.5851,346.2172,350.0000,7.1755,7
2026-10-04T04:00:00Z,2026-10-04T13:00:00+09:00,RJOA,広島,34.4367,132.9200,1086,331.0128,1017.1368,990.0107,17.0045,95.8400,-0.7392,-0.2323,72.5520,70.0000,1.5062,2
2026-10-04T04:00:00Z,2026-10-04T13:00:00+09:00,RJOM,松山,33.8267,132.7000,13,3.9624,1015.9650,1012.6491,20.6920,86.8346,-2.3146,-0.7998,70.9370,70.0000,4.7603,5
2026-10-04T05:00:00Z,2026-10-04T14:00:00+09:00,RJFC,屋久島,30.3850,130.6600,122,37.1856,1012.0426,995.9907,25.3553,79.3656,-2.6417,-4.8061,28.7953,30.0000,10.6606,11
2026-10-04T05:00:00Z,2026-10-04T14:00:00+09:00,RJFE,福江,32.6667,128.8333,251,76.5048,1013.9021,1007.2915,21.4955,76.2470,-0.8746,-2.5681,18.8071,20.0000,5.2736,5
2026-10-04T05:00:00Z,2026-10-04T14:00:00+09:00,RJFG,種子島,30.6033,130.9883,768,234.0864,1011.7627,1000.8676,25.7828,78.2078,-2.3692,-3.5915,33.4115,30.0000,8.3635,8
2026-10-04T05:00:00Z,2026-10-04T14:00:00+09:00,RJFK,鹿児島,31.8033,130.7200,892,271.8816,1012.5837,990.3687,23.7473,72.0928,-0.0705,-0.2144,18.2005,20.0000,0.4388,0
2026-10-04T05:00:00Z,2026-10-04T14:00:00+09:00,RJFM,宮崎,31.8767,131.4483,19,5.7912,1013.6137,1009.8974,23.2900,72.4235,-1.3801,-4.7090,16.3351,20.0000,9.5386,10
2026-10-04T05:00:00Z,2026-10-04T14:00:00+09:00,RJFO,大分,33.4800,131.7367,17,5.1816,1015.0911,1010.4425,20.9138,77.8773,-3.7189,-2.0248,61.4331,60.0000,8.2309,8
2026-10-04T05:00:00Z,2026-10-04T14:00:00+09:00,RJFS,佐賀,33.1500,130.3017,6,1.8288,1014.0744,1013.2651,22.3055,69.5351,-0.8339,-3.2305,14.4745,10.0000,6.4854,6
2026-10-04T05:00:00Z,2026-10-04T14:00:00+09:00,RJFT,熊本,32.8367,130.8550,632,192.6336,1013.6275,992.9535,20.7958,84.1355,-2.0952,-0.6282,73.3106,70.0000,4.2519,4
2026-10-04T05:00:00Z,2026-10-04T14:00:00+09:00,RJFU,長崎,32.9167,129.9133,8,2.4384,1013.8737,1008.2647,22.6844,60.4318,-0.0897,-2.5106,2.0452,360.0000,4.8833,5
2026-10-04T05:00:00Z,2026-10-04T14:00:00+09:00,RJOA,広島,34.4367,132.9200,1086,331.0128,1016.3211,989.2707,17.2182,96.2073,-0.6610,-0.1976,73.3519,70.0000,1.3410,1
2026-10-04T05:00:00Z,2026-10-04T14:00:00+09:00,RJOM,松山,33.8267,132.7000,13,3.9624,1015.3944,1012.0711,20.8954,86.6598,-1.3571,-1.8259,36.6222,40.0000,4.4223,4
2026-10-04T06:00:00Z,2026-10-04T15:00:00+09:00,RJFC,屋久島,30.3850,130.6600,122,37.1856,1011.6817,995.6604,25.2077,81.1182,-2.7174,-4.7526,29.7601,30.0000,10.6418,11
2026-10-04T06:00:00Z,2026-10-04T15:00:00+09:00,RJFE,福江,32.6667,128.8333,251,76.5048,1013.4791,1006.9225,22.0171,74.1802,-1.0228,-2.4574,22.5974,20.0000,5.1739,5
2026-10-04T06:00:00Z,2026-10-04T15:00:00+09:00,RJFG,種子島,30.6033,130.9883,768,234.0864,1011.4941,1000.5752,25.1171,81.1790,-2.3369,-3.9264,30.7605,30.0000,8.8818,9
2026-10-04T06:00:00Z,2026-10-04T15:00:00+09:00,RJFK,鹿児島,31.8033,130.7200,892,271.8816,1012.1748,989.9191,23.0928,76.4530,-0.1313,-0.1787,36.3081,40.0000,0.4310,0
2026-10-04T06:00:00Z,2026-10-04T15:00:00+09:00,RJFM,宮崎,31.8767,131.4483,19,5.7912,1013.1473,1009.4549,23.1252,71.5674,-1.4041,-4.4381,17.5563,20.0000,9.0484,9
2026-10-04T06:00:00Z,2026-10-04T15:00:00+09:00,RJFO,大分,33.4800,131.7367,17,5.1816,1014.8498,1010.2242,20.5645,77.3343,-3.2544,-1.8987,59.7390,60.0000,7.3239,7
2026-10-04T06:00:00Z,2026-10-04T15:00:00+09:00,RJFS,佐賀,33.1500,130.3017,6,1.8288,1013.5514,1012.7949,22.3254,72.2433,-1.5575,-2.7859,29.2083,30.0000,6.2042,6
2026-10-04T06:00:00Z,2026-10-04T15:00:00+09:00,RJFT,熊本,32.8367,130.8550,632,192.6336,1013.2565,992.5646,20.4876,82.6453,-2.0274,-0.5172,75.6894,80.0000,4.0671,4
2026-10-04T06:00:00Z,2026-10-04T15:00:00+09:00,RJFU,長崎,32.9167,129.9133,8,2.4384,1013.1497,1007.5289,23.0172,59.0488,-0.7670,-0.7008,47.5814,50.0000,2.0195,2
2026-10-04T06:00:00Z,2026-10-04T15:00:00+09:00,RJOA,広島,34.4367,132.9200,1086,331.0128,1015.9154,988.8548,17.3823,96.2756,-0.7421,-0.3202,66.6612,70.0000,1.5711,2
2026-10-04T06:00:00Z,2026-10-04T15:00:00+09:00,RJOM,松山,33.8267,132.7000,13,3.9624,1014.8390,1011.5411,20.8942,87.1650,-1.0199,-2.9706,18.9485,20.0000,6.1053,6
2026-10-04T07:00:00Z,2026-10-04T16:00:00+09:00,RJFC,屋久島,30.3850,130.6600,122,37.1856,1011.4289,995.3958,24.8937,83.6731,-3.2222,-4.8429,33.6374,30.0000,11.3072,11
2026-10-04T07:00:00Z,2026-10-04T16:00:00+09:00,RJFE,福江,32.6667,128.8333,251,76.5048,1013.3486,1006.7625,22.4065,72.8749,-1.0262,-2.5097,22.2388,20.0000,5.2705,5
2026-10-04T07:00:00Z,2026-10-04T16:00:00+09:00,RJFG,種子島,30.6033,130.9883,768,234.0864,1011.3710,1000.4885,24.5353,81.2976,-2.6799,-3.8886,34.5733,30.0000,9.1799,9
2026-10-04T07:00:00Z,2026-10-04T16:00:00+09:00,RJFK,鹿児島,31.8033,130.7200,892,271.8816,1012.2376,989.8910,22.9223,78.9166,1.0409,-0.4424,293.0240,290.0000,2.1985,2
2026-10-04T07:00:00Z,2026-10-04T16:00:00+09:00,RJFM,宮崎,31.8767,131.4483,19,5.7912,1012.7715,1009.1035,22.8745,71.6197,-1.8774,-4.7265,21.6631,20.0000,9.8859,10
2026-10-04T07:00:00Z,2026-10-04T16:00:00+09:00,RJFO,大分,33.4800,131.7367,17,5.1816,1014.7614,1010.0818,20.4257,77.9216,-2.5470,-2.0137,51.6694,50.0000,6.3115,6
2026-10-04T07:00:00Z,2026-10-04T16:00:00+09:00,RJFS,佐賀,33.1500,130.3017,6,1.8288,1013.4780,1012.6596,22.4696,73.9071,-1.6689,-3.0709,28.5222,30.0000,6.7939,7
2026-10-04T07:00:00Z,2026-10-04T16:00:00+09:00,RJFT,熊本,32.8367,130.8550,632,192.6336,1012.8172,992.1254,19.9546,86.7806,-2.0485,-0.1762,85.0834,90.0000,3.9966,4
2026-10-04T07:00:00Z,2026-10-04T16:00:00+09:00,RJFU,長崎,32.9167,129.9133,8,2.4384,1013.1771,1007.5527,23.1317,59.4715,-0.1905,-0.8373,12.8185,10.0000,1.6691,2
2026-10-04T07:00:00Z,2026-10-04T16:00:00+09:00,RJOA,広島,34.4367,132.9200,1086,331.0128,1015.6865,988.6646,17.2553,97.1215,-0.8063,-0.2487,72.8599,70.0000,1.6402,2
2026-10-04T07:00:00Z,2026-10-04T16:00:00+09:00,RJOM,松山,33.8267,132.7000,13,3.9624,1014.5963,1011.2678,20.7411,89.2133,-1.6289,-2.8650,29.6202,30.0000,6.4063,6
2026-10-04T08:00:00Z,2026-10-04T17:00:00+09:00,RJFC,屋久島,30.3850,130.6600,122,37.1856,1011.8659,995.7672,24.5902,82.7275,-2.7422,-4.6632,30.4580,30.0000,10.5156,11
2026-10-04T08:00:00Z,2026-10-04T17:00:00+09:00,RJFE,福江,32.6667,128.8333,251,76.5048,1013.4862,1006.9643,22.5604,71.3143,-1.0690,-2.1903,26.0149,30.0000,4.7376,5
2026-10-04T08:00:00Z,2026-10-04T17:00:00+09:00,RJFG,種子島,30.6033,130.9883,768,234.0864,1011.5523,1000.6136,24.2727,83.6426,-2.3027,-3.7148,31.7943,30.0000,8.4958,8
2026-10-04T08:00:00Z,2026-10-04T17:00:00+09:00,RJFK,鹿児島,31.8033,130.7200,892,271.8816,1012.3756,990.0226,22.1340,83.4295,0.0707,-0.1089,327.0142,330.0000,0.2524,0
2026-10-04T08:00:00Z,2026-10-04T17:00:00+09:00,RJFM,宮崎,31.8767,131.4483,19,5.7912,1012.8683,1009.2154,22.2928,77.8646,-1.6311,-4.5521,19.7134,20.0000,9.3994,9
2026-10-04T08:00:00Z,2026-10-04T17:00:00+09:00,RJFO,大分,33.4800,131.7367,17,5.1816,1015.0705,1010.4066,20.1231,82.1126,-2.7572,-1.9982,54.0685,50.0000,6.6191,7
2026-10-04T08:00:00Z,2026-10-04T17:00:00+09:00,RJFS,佐賀,33.1500,130.3017,6,1.8288,1013.4653,1012.7107,22.4755,74.2018,-2.0893,-2.8157,36.5764,40.0000,6.8154,7
2026-10-04T08:00:00Z,2026-10-04T17:00:00+09:00,RJFT,熊本,32.8367,130.8550,632,192.6336,1013.0983,992.3574,19.7189,88.1897,-1.7809,-0.8568,64.3073,60.0000,3.8415,4
2026-10-04T08:00:00Z,2026-10-04T17:00:00+09:00,RJFU,長崎,32.9167,129.9133,8,2.4384,1013.2505,1007.6285,23.1063,61.8209,-0.3559,-0.8955,21.6717,20.0000,1.8732,2
2026-10-04T08:00:00Z,2026-10-04T17:00:00+09:00,RJOA,広島,34.4367,132.9200,1086,331.0128,1016.1125,989.0463,17.0032,97.4148,-0.6837,-0.2024,73.5084,70.0000,1.3860,1
2026-10-04T08:00:00Z,2026-10-04T17:00:00+09:00,RJOM,松山,33.8267,132.7000,13,3.9624,1014.7695,1011.4696,20.8289,89.4754,-1.1071,-2.4039,24.7292,20.0000,5.1445,5
2026-10-04T09:00:00Z,2026-10-04T18:00:00+09:00,RJFC,屋久島,30.3850,130.6600,122,37.1856,1011.9993,995.9048,24.4902,83.2751,-2.2115,-4.8051,24.7132,20.0000,10.2822,10
2026-10-04T09:00:00Z,2026-10-04T18:00:00+09:00,RJFE,福江,32.6667,128.8333,251,76.5048,1013.5015,1006.9450,22.4442,70.0409,-0.9745,-1.7887,28.5829,30.0000,3.9594,4
2026-10-04T09:00:00Z,2026-10-04T18:00:00+09:00,RJFG,種子島,30.6033,130.9883,768,234.0864,1011.6902,1000.7443,23.9982,84.4296,-1.9977,-3.7174,28.2532,30.0000,8.2034,8
2026-10-04T09:00:00Z,2026-10-04T18:00:00+09:00,RJFK,鹿児島,31.8033,130.7200,892,271.8816,1012.3513,989.9653,21.5196,88.8534,0.5130,-0.0756,278.3779,280.0000,1.0079,1
2026-10-04T09:00:00Z,2026-10-04T18:00:00+09:00,RJFM,宮崎,31.8767,131.4483,19,5.7912,1013.1407,1009.4841,21.2489,86.6475,-0.4304,-3.8279,6.4159,10.0000,7.4878,7
2026-10-04T09:00:00Z,2026-10-04T18:00:00+09:00,RJFO,大分,33.4800,131.7367,17,5.1816,1014.9127,1010.2764,20.0165,88.1502,-1.0281,-2.9708,19.0884,20.0000,6.1107,6
2026-10-04T09:00:00Z,2026-10-04T18:00:00+09:00,RJFS,佐賀,33.1500,130.3017,6,1.8288,1013.4587,1012.6137,22.2197,74.8455,-2.0734,-2.5023,39.6445,40.0000,6.3170,6
2026-10-04T09:00:00Z,2026-10-04T18:00:00+09:00,RJFT,熊本,32.8367,130.8550,632,192.6336,1013.4336,992.7126,19.4543,89.9859,-0.9410,-0.8865,46.7084,50.0000,2.5131,3
2026-10-04T09:00:00Z,2026-10-04T18:00:00+09:00,RJFU,長崎,32.9167,129.9133,8,2.4384,1013.1949,1007.5802,22.7927,66.7418,-0.5417,-0.6708,38.9258,40.0000,1.6760,2
2026-10-04T09:00:00Z,2026-10-04T18:00:00+09:00,RJOA,広島,34.4367,132.9200,1086,331.0128,1016.3117,989.1802,16.7248,96.7246,-0.6180,-0.6333,44.2980,40.0000,1.7200,2
2026-10-04T09:00:00Z,2026-10-04T18:00:00+09:00,RJOM,松山,33.8267,132.7000,13,3.9624,1014.7195,1011.4308,20.8772,88.4136,-1.4845,-1.6050,42.7660,40.0000,4.2497,4
2026-10-04T10:00:00Z,2026-10-04T19:00:00+09:00,RJFC,屋久島,30.3850,130.6600,122,37.1856,1012.0795,995.9815,24.3594,84.9620,-2.1395,-5.0176,23.0928,20.0000,10.6031,11
2026-10-04T10:00:00Z,2026-10-04T19:00:00+09:00,RJFE,福江,32.6667,128.8333,251,76.5048,1013.7920,1007.2171,22.2535,70.3225,-0.1305,-1.7764,4.2007,360.0000,3.4624,3
2026-10-04T10:00:00Z,2026-10-04T19:00:00+09:00,RJFG,種子島,30.6033,130.9883,768,234.0864,1011.7170,1000.7626,23.8126,83.6164,-1.9425,-3.6781,27.8402,30.0000,8.0855,8
2026-10-04T10:00:00Z,2026-10-04T19:00:00+09:00,RJFK,鹿児島,31.8033,130.7200,892,271.8816,1012.6965,990.3026,21.0543,92.0531,0.5333,-0.0667,277.1332,280.0000,1.0448,1
2026-10-04T10:00:00Z,2026-10-04T19:00:00+09:00,RJFM,宮崎,31.8767,131.4483,19,5.7912,1013.2400,1009.5591,21.1011,88.9305,0.2156,-3.5056,356.4813,360.0000,6.8273,7
2026-10-04T10:00:00Z,2026-10-04T19:00:00+09:00,RJFO,大分,33.4800,131.7367,17,5.1816,1014.8774,1010.1966,19.9763,90.3815,-1.8441,-3.7800,26.0062,30.0000,8.1755,8
2026-10-04T10:00:00Z,2026-10-04T19:00:00+09:00,RJFS,佐賀,33.1500,130.3017,6,1.8288,1013.5341,1012.7605,21.8555,76.1354,-1.6330,-2.9823,28.7042,30.0000,6.6093,7
2026-10-04T10:00:00Z,2026-10-04T19:00:00+09:00,RJFT,熊本,32.8367,130.8550,632,192.6336,1013.3176,992.5884,19.3959,89.2406,-1.8520,-0.7332,68.4003,70.0000,3.8718,4
2026-10-04T10:00:00Z,2026-10-04T19:00:00+09:00,RJFU,長崎,32.9167,129.9133,8,2.4384,1013.3670,1007.7270,22.5892,69.3484,-0.3893,-0.2124,61.3804,60.0000,0.8621,1
2026-10-04T10:00:00Z,2026-10-04T19:00:00+09:00,RJOA,広島,34.4367,132.9200,1086,331.0128,1016.0933,988.9509,16.4944,95.1930,-1.1605,-0.8128,54.9929,50.0000,2.7541,3
2026-10-04T10:00:00Z,2026-10-04T19:00:00+09:00,RJOM,松山,33.8267,132.7000,13,3.9624,1014.7269,1011.4381,20.8554,87.0314,-1.8131,-2.9000,32.0131,30.0000,6.6482,7
2026-10-04T11:00:00Z,2026-10-04T20:00:00+09:00,RJFC,屋久島,30.3850,130.6600,122,37.1856,1012.3988,996.2596,24.3350,84.1091,-2.0308,-4.7691,23.0657,20.0000,10.0759,10
2026-10-04T11:00:00Z,2026-10-04T20:00:00+09:00,RJFE,福江,32.6667,128.8333,251,76.5048,1014.1544,1007.5505,22.1878,69.9517,0.3398,-2.1380,350.9693,350.0000,4.2080,4
2026-10-04T11:00:00Z,2026-10-04T20:00:00+09:00,RJFG,種子島,30.6033,130.9883,768,234.0864,1012.2446,1001.2930,23.6968,84.4136,-1.3817,-3.3777,22.2488,20.0000,7.0938,7
2026-10-04T11:00:00Z,2026-10-04T20:00:00+09:00,RJFK,鹿児島,31.8033,130.7200,892,271.8816,1013.1330,990.7062,20.7831,92.0026,0.5520,0.5125,227.1287,230.0000,1.4642,1
2026-10-04T11:00:00Z,2026-10-04T20:00:00+09:00,RJFM,宮崎,31.8767,131.4483,19,5.7912,1013.4393,1009.7750,20.9042,89.8720,1.4408,-3.0362,334.6130,330.0000,6.5327,7
2026-10-04T11:00:00Z,2026-10-04T20:00:00+09:00,RJFO,大分,33.4800,131.7367,17,5.1816,1015.2090,1010.5901,20.2255,89.9641,-2.7189,-2.9640,42.5302,40.0000,7.8185,8
2026-10-04T11:00:00Z,2026-10-04T20:00:00+09:00,RJFS,佐賀,33.1500,130.3017,6,1.8288,1013.9001,1013.1435,21.5430,77.6140,-1.9776,-2.9611,33.7374,30.0000,6.9215,7
2026-10-04T11:00:00Z,2026-10-04T20:00:00+09:00,RJFT,熊本,32.8367,130.8550,632,192.6336,1013.5649,992.7886,19.5291,88.2495,-1.9017,-0.6117,72.1683,70.0000,3.8831,4
2026-10-04T11:00:00Z,2026-10-04T20:00:00+09:00,RJFU,長崎,32.9167,129.9133,8,2.4384,1013.6560,1008.0059,22.5681,70.0755,-0.3304,-0.2179,56.5941,60.0000,0.7693,1
2026-10-04T11:00:00Z,2026-10-04T20:00:00+09:00,RJOA,広島,34.4367,132.9200,1086,331.0128,1016.3417,989.2034,16.1826,94.4593,-0.7647,-0.9314,39.3847,40.0000,2.3425,2
2026-10-04T11:00:00Z,2026-10-04T20:00:00+09:00,RJOM,松山,33.8267,132.7000,13,3.9624,1015.1410,1011.8290,20.2372,87.4153,-2.9094,-3.8634,36.9820,40.0000,9.4012,9
2026-10-04T12:00:00Z,2026-10-04T21:00:00+09:00,RJFC,屋久島,30.3850,130.6600,122,37.1856,1012.5452,996.4402,24.4094,82.6387,-1.3320,-4.8225,15.4408,20.0000,9.7252,10
2026-10-04T12:00:00Z,2026-10-04T21:00:00+09:00,RJFE,福江,32.6667,128.8333,251,76.5048,1014.0795,1007.4924,22.1785,69.4086,0.4044,-2.2025,349.5971,350.0000,4.3529,4
2026-10-04T12:00:00Z,2026-10-04T21:00:00+09:00,RJFG,種子島,30.6033,130.9883,768,234.0864,1012.3285,1001.3865,23.5657,85.8310,-0.8848,-3.1131,15.8654,20.0000,6.2910,6
2026-10-04T12:00:00Z,2026-10-04T21:00:00+09:00,RJFK,鹿児島,31.8033,130.7200,892,271.8816,1013.1813,990.7359,20.5961,91.9470,0.4381,-0.5588,321.9011,320.0000,1.3803,1
2026-10-04T12:00:00Z,2026-10-04T21:00:00+09:00,RJFM,宮崎,31.8767,131.4483,19,5.7912,1013.3057,1009.6087,20.8221,90.5042,2.2534,-2.7402,320.5683,320.0000,6.8962,7
2026-10-04T12:00:00Z,2026-10-04T21:00:00+09:00,RJFO,大分,33.4800,131.7367,17,5.1816,1015.0168,1010.3614,20.7368,90.2589,-3.0663,-2.2426,53.8196,50.0000,7.3845,7
2026-10-04T12:00:00Z,2026-10-04T21:00:00+09:00,RJFS,佐賀,33.1500,130.3017,6,1.8288,1013.8863,1013.1144,21.2063,80.3993,-1.8451,-2.9158,32.3248,30.0000,6.7073,7
2026-10-04T12:00:00Z,2026-10-04T21:00:00+09:00,RJFT,熊本,32.8367,130.8550,632,192.6336,1013.4329,992.7610,19.8451,86.4440,-2.2687,-0.4219,79.4658,80.0000,4.4855,4
2026-10-04T12:00:00Z,2026-10-04T21:00:00+09:00,RJFU,長崎,32.9167,129.9133,8,2.4384,1013.7116,1008.0847,22.6035,70.6211,0.2004,-0.9830,348.4778,350.0000,1.9501,2
2026-10-04T12:00:00Z,2026-10-04T21:00:00+09:00,RJOA,広島,34.4367,132.9200,1086,331.0128,1016.1037,988.9509,16.0772,93.9240,-0.8445,-0.9845,40.6212,40.0000,2.5214,3
2026-10-04T12:00:00Z,2026-10-04T21:00:00+09:00,RJOM,松山,33.8267,132.7000,13,3.9624,1014.9922,1011.6902,19.9996,87.0123,-2.5265,-3.5331,35.5679,40.0000,8.4432,8
2026-10-04T13:00:00Z,2026-10-04T22:00:00+09:00,RJFC,屋久島,30.3850,130.6600,122,37.1856,1012.1860,996.0900,24.4143,82.0030,-0.5625,-4.4352,7.2279,10.0000,8.6905,9
2026-10-04T13:00:00Z,2026-10-04T22:00:00+09:00,RJFE,福江,32.6667,128.8333,251,76.5048,1013.7895,1007.2253,22.0618,73.1848,0.4091,-2.1380,349.1672,350.0000,4.2313,4
2026-10-04T13:00:00Z,2026-10-04T22:00:00+09:00,RJFG,種子島,30.6033,130.9883,768,234.0864,1011.9887,1001.0895,23.3664,86.0170,-0.4384,-2.6675,9.3320,10.0000,5.2548,5
2026-10-04T13:00:00Z,2026-10-04T22:00:00+09:00,RJFK,鹿児島,31.8033,130.7200,892,271.8816,1012.9347,990.4696,20.2533,93.1642,0.4105,-0.5993,325.5877,330.0000,1.4120,1
2026-10-04T13:00:00Z,2026-10-04T22:00:00+09:00,RJFM,宮崎,31.8767,131.4483,19,5.7912,1012.7281,1009.0294,20.8987,91.3094,2.2672,-3.6318,328.0248,330.0000,8.3222,8
2026-10-04T13:00:00Z,2026-10-04T22:00:00+09:00,RJFO,大分,33.4800,131.7367,17,5.1816,1014.3962,1009.7919,21.1880,89.2549,-3.8034,-1.8873,63.6085,60.0000,8.2533,8
2026-10-04T13:00:00Z,2026-10-04T22:00:00+09:00,RJFS,佐賀,33.1500,130.3017,6,1.8288,1013.6065,1012.8483,20.9039,82.5220,-1.7541,-2.6797,33.2086,30.0000,6.2257,6
2026-10-04T13:00:00Z,2026-10-04T22:00:00+09:00,RJFT,熊本,32.8367,130.8550,632,192.6336,1013.0243,992.3666,20.2151,84.8210,-2.0329,-0.2612,82.6778,80.0000,3.9842,4
2026-10-04T13:00:00Z,2026-10-04T22:00:00+09:00,RJFU,長崎,32.9167,129.9133,8,2.4384,1013.3895,1007.7637,22.2922,73.7866,0.2636,-1.3806,349.1902,350.0000,2.7322,3
2026-10-04T13:00:00Z,2026-10-04T22:00:00+09:00,RJOA,広島,34.4367,132.9200,1086,331.0128,1015.6189,988.5223,16.2293,94.7758,-0.6768,-0.8172,39.6311,40.0000,2.0625,2
2026-10-04T13:00:00Z,2026-10-04T22:00:00+09:00,RJOM,松山,33.8267,132.7000,13,3.9624,1014.5186,1011.1672,19.9824,86.9427,-1.8010,-3.5849,26.6745,30.0000,7.7985,8
2026-10-04T14:00:00Z,2026-10-04T23:00:00+09:00,RJFC,屋久島,30.3850,130.6600,122,37.1856,1011.6543,995.5686,24.4405,81.4021,0.0800,-3.5986,358.7257,360.0000,6.9968,7
2026-10-04T14:00:00Z,2026-10-04T23:00:00+09:00,RJFE,福江,32.6667,128.8333,251,76.5048,1013.3914,1006.8420,22.0598,75.2822,0.7591,-2.2297,341.1991,340.0000,4.5785,5
2026-10-04T14:00:00Z,2026-10-04T23:00:00+09:00,RJFG,種子島,30.6033,130.9883,768,234.0864,1011.5971,1000.6402,23.2445,85.2493,-0.3071,-2.2647,7.7226,10.0000,4.4426,4
2026-10-04T14:00:00Z,2026-10-04T23:00:00+09:00,RJFK,鹿児島,31.8033,130.7200,892,271.8816,1012.4799,990.0501,19.9740,93.6775,-0.1630,-0.6744,13.5873,10.0000,1.3487,1
2026-10-04T14:00:00Z,2026-10-04T23:00:00+09:00,RJFM,宮崎,31.8767,131.4483,19,5.7912,1011.9856,1008.2899,21.0917,91.7416,1.9253,-4.1750,335.2427,340.0000,8.9369,9
2026-10-04T14:00:00Z,2026-10-04T23:00:00+09:00,RJFO,大分,33.4800,131.7367,17,5.1816,1013.7297,1009.0787,21.3699,88.9997,-4.3256,-1.1271,75.3957,80.0000,8.6890,9
2026-10-04T14:00:00Z,2026-10-04T23:00:00+09:00,RJFS,佐賀,33.1500,130.3017,6,1.8288,1013.1661,1012.3843,20.7411,83.3076,-1.2577,-2.6261,25.5904,30.0000,5.6598,6
2026-10-04T14:00:00Z,2026-10-04T23:00:00+09:00,RJFT,熊本,32.8367,130.8550,632,192.6336,1012.5205,991.8857,20.4474,83.5516,-1.3248,-0.4080,72.8807,70.0000,2.6945,3
2026-10-04T14:00:00Z,2026-10-04T23:00:00+09:00,RJFU,長崎,32.9167,129.9133,8,2.4384,1012.9877,1007.3508,22.1912,74.4998,0.3600,-1.2608,344.0654,340.0000,2.5488,3
2026-10-04T14:00:00Z,2026-10-04T23:00:00+09:00,RJOA,広島,34.4367,132.9200,1086,331.0128,1015.0226,987.9509,16.4418,95.6418,-0.8181,-0.6373,52.0828,50.0000,2.0158,2
2026-10-04T14:00:00Z,2026-10-04T23:00:00+09:00,RJOM,松山,33.8267,132.7000,13,3.9624,1013.8966,1010.5617,20.2098,87.0143,-1.4405,-4.0578,19.5450,20.0000,8.3699,8
2026-10-04T15:00:00Z,2026-10-05T00:00:00+09:00,RJFC,屋久島,30.3850,130.6600,122,37.1856,1011.2143,995.1403,24.5399,80.4936,0.8337,-3.2369,345.5569,350.0000,6.4974,6
2026-10-04T15:00:00Z,2026-10-05T00:00:00+09:00,RJFE,福江,32.6667,128.8333,251,76.5048,1013.0979,1006.5240,22.1181,75.5304,1.0289,-2.4336,337.0820,340.0000,5.1359,5
2026-10-04T15:00:00Z,2026-10-05T00:00:00+09:00,RJFG,種子島,30.6033,130.9883,768,234.0864,1011.1229,1000.1723,23.2792,84.6944,-0.0829,-2.0741,2.2885,360.0000,4.0349,4
2026-10-04T15:00:00Z,2026-10-05T00:00:00+09:00,RJFK,鹿児島,31.8033,130.7200,892,271.8816,1011.9508,989.4623,19.8663,93.0330,-0.2108,-0.7725,15.2658,20.0000,1.5565,2
2026-10-04T15:00:00Z,2026-10-05T00:00:00+09:00,RJFM,宮崎,31.8767,131.4483,19,5.7912,1011.3604,1007.6405,21.1789,91.7019,2.1888,-3.6803,329.2578,330.0000,8.3235,8
2026-10-04T15:00:00Z,2026-10-05T00:00:00+09:00,RJFO,大分,33.4800,131.7367,17,5.1816,1013.2284,1008.5944,21.4574,88.5409,-3.8054,-0.6837,79.8145,80.0000,7.5156,8
2026-10-04T15:00:00Z,2026-10-05T00:00:00+09:00,RJFS,佐賀,33.1500,130.3017,6,1.8288,1012.7542,1011.9165,20.6246,83.7244,-0.7037,-2.4473,16.0420,20.0000,4.9499,5
2026-10-04T15:00:00Z,2026-10-05T00:00:00+09:00,RJFT,熊本,32.8367,130.8550,632,192.6336,1012.3554,991.7019,19.8781,88.2264,0.2814,-0.5587,333.2663,330.0000,1.2159,1
2026-10-04T15:00:00Z,2026-10-05T00:00:00+09:00,RJFU,長崎,32.9167,129.9133,8,2.4384,1012.6555,1007.0402,22.1022,75.0380,0.5938,-1.4059,337.1035,340.0000,2.9665,3
2026-10-04T15:00:00Z,2026-10-05T00:00:00+09:00,RJOA,広島,34.4367,132.9200,1086,331.0128,1014.4661,987.4260,16.5706,96.1877,-0.8676,-0.6925,51.4040,50.0000,2.1577,2
2026-10-04T15:00:00Z,2026-10-05T00:00:00+09:00,RJOM,松山,33.8267,132.7000,13,3.9624,1013.3125,1009.9813,20.4092,88.0325,-1.8481,-3.8899,25.4122,30.0000,8.3714,8
2026-10-04T16:00:00Z,2026-10-05T01:00:00+09:00,RJFC,屋久島,30.3850,130.6600,122,37.1856,1010.7501,994.6578,24.7177,79.6195,2.1296,-3.2609,326.8525,330.0000,7.5706,8
2026-10-04T16:00:00Z,2026-10-05T01:00:00+09:00,RJFE,福江,32.6667,128.8333,251,76.5048,1012.7309,1006.1519,22.2587,74.8778,1.1213,-2.7822,338.0491,340.0000,5.8309,6
2026-10-04T16:00:00Z,2026-10-05T01:00:00+09:00,RJFG,種子島,30.6033,130.9883,768,234.0864,1010.6898,999.7684,23.4111,84.2866,0.6315,-1.6684,339.2679,340.0000,3.4677,3
2026-10-04T16:00:00Z,2026-10-05T01:00:00+09:00,RJFK,鹿児島,31.8033,130.7200,892,271.8816,1011.4721,989.0824,19.7891,92.3115,0.2943,-0.8538,340.9789,340.0000,1.7556,2
2026-10-04T16:00:00Z,2026-10-05T01:00:00+09:00,RJFM,宮崎,31.8767,131.4483,19,5.7912,1010.7407,1007.0794,21.2613,91.2955,2.3259,-3.5548,326.8035,330.0000,8.2577,8
2026-10-04T16:00:00Z,2026-10-05T01:00:00+09:00,RJFO,大分,33.4800,131.7367,17,5.1816,1012.6386,1007.9706,21.4813,88.1610,-3.5992,-1.0020,74.4429,70.0000,7.2623,7
2026-10-04T16:00:00Z,2026-10-05T01:00:00+09:00,RJFS,佐賀,33.1500,130.3017,6,1.8288,1012.5056,1011.6687,20.5313,84.1931,-0.0464,-2.4120,1.1022,360.0000,4.6894,5
2026-10-04T16:00:00Z,2026-10-05T01:00:00+09:00,RJFT,熊本,32.8367,130.8550,632,192.6336,1012.1182,991.4512,19.5694,89.0204,0.0746,-0.4086,349.6504,350.0000,0.8074,1
2026-10-04T16:00:00Z,2026-10-05T01:00:00+09:00,RJFU,長崎,32.9167,129.9133,8,2.4384,1012.3606,1006.7429,21.9765,76.3279,0.8420,-1.8853,335.9338,340.0000,4.0137,4
2026-10-04T16:00:00Z,2026-10-05T01:00:00+09:00,RJOA,広島,34.4367,132.9200,1086,331.0128,1013.8959,986.8591,16.6855,96.0455,-0.9038,-0.8684,46.1439,50.0000,2.4364,2
2026-10-04T16:00:00Z,2026-10-05T01:00:00+09:00,RJOM,松山,33.8267,132.7000,13,3.9624,1012.8188,1009.4820,20.6206,88.0786,-1.7863,-3.6298,26.2024,30.0000,7.8639,8
2026-10-04T17:00:00Z,2026-10-05T02:00:00+09:00,RJFC,屋久島,30.3850,130.6600,122,37.1856,1010.1184,994.0457,24.5950,79.6651,2.8385,-4.0248,324.8063,320.0000,9.5735,10
2026-10-04T17:00:00Z,2026-10-05T02:00:00+09:00,RJFE,福江,32.6667,128.8333,251,76.5048,1012.2360,1005.6799,22.3438,75.0439,1.1199,-2.8250,338.3747,340.0000,5.9071,6
2026-10-04T17:00:00Z,2026-10-05T02:00:00+09:00,RJFG,種子島,30.6033,130.9883,768,234.0864,1009.9390,999.0441,23.6521,83.5940,1.3284,-1.2676,313.6589,310.0000,3.5692,4
2026-10-04T17:00:00Z,2026-10-05T02:00:00+09:00,RJFK,鹿児島,31.8033,130.7200,892,271.8816,1010.8240,988.3706,19.8685,91.1607,0.5731,-0.9422,328.6884,330.0000,2.1437,2
2026-10-04T17:00:00Z,2026-10-05T02:00:00+09:00,RJFM,宮崎,31.8767,131.4483,19,5.7912,1010.0901,1006.4203,21.4826,90.7861,2.2210,-3.4235,327.0260,330.0000,7.9325,8
2026-10-04T17:00:00Z,2026-10-05T02:00:00+09:00,RJFO,大分,33.4800,131.7367,17,5.1816,1012.0328,1007.3907,21.3996,88.1941,-3.1421,-1.6199,62.7264,60.0000,6.8716,7
2026-10-04T17:00:00Z,2026-10-05T02:00:00+09:00,RJFS,佐賀,33.1500,130.3017,6,1.8288,1011.9505,1011.1786,20.4477,84.5646,0.2213,-2.4352,354.8071,350.0000,4.7532,5
2026-10-04T17:00:00Z,2026-10-05T02:00:00+09:00,RJFT,熊本,32.8367,130.8550,632,192.6336,1011.6184,990.9452,19.2814,90.1848,0.0625,-0.2998,348.2236,350.0000,0.5954,1
2026-10-04T17:00:00Z,2026-10-05T02:00:00+09:00,RJFU,長崎,32.9167,129.9133,8,2.4384,1011.8180,1006.1950,21.7546,78.1688,1.1483,-2.5831,336.0331,340.0000,5.4950,5
2026-10-04T17:00:00Z,2026-10-05T02:00:00+09:00,RJOA,広島,34.4367,132.9200,1086,331.0128,1013.1359,986.1380,16.7776,95.7921,-0.9194,-0.8254,48.0807,50.0000,2.4017,2
2026-10-04T17:00:00Z,2026-10-05T02:00:00+09:00,RJOM,松山,33.8267,132.7000,13,3.9624,1012.1531,1008.8228,20.7976,87.8145,-1.6862,-3.1788,27.9437,30.0000,6.9947,7
2026-10-04T18:00:00Z,2026-10-05T03:00:00+09:00,RJFC,屋久島,30.3850,130.6600,122,37.1856,1009.5453,993.4769,24.4945,79.5474,3.3689,-4.3507,322.2485,320.0000,10.6961,11
2026-10-04T18:00:00Z,2026-10-05T03:00:00+09:00,RJFE,福江,32.6667,128.8333,251,76.5048,1011.7849,1005.2355,22.5476,74.9698,0.9066,-3.2926,344.6059,340.0000,6.6384,7
2026-10-04T18:00:00Z,2026-10-05T03:00:00+09:00,RJFG,種子島,30.6033,130.9883,768,234.0864,1009.3197,998.4753,23.9023,82.5421,1.7519,-1.6479,313.2473,310.0000,4.6752,5
2026-10-04T18:00:00Z,2026-10-05T03:00:00+09:00,RJFK,鹿児島,31.8033,130.7200,892,271.8816,1010.1599,987.7309,20.2689,88.6963,0.4726,-1.4143,341.5216,340.0000,2.8986,3
2026-10-04T18:00:00Z,2026-10-05T03:00:00+09:00,RJFM,宮崎,31.8767,131.4483,19,5.7912,1009.5677,1005.8479,21.5935,90.7383,2.4213,-3.2913,323.6590,320.0000,7.9425,8
2026-10-04T18:00:00Z,2026-10-05T03:00:00+09:00,RJFO,大分,33.4800,131.7367,17,5.1816,1011.5516,1006.9288,21.3254,88.9381,-3.1234,-1.6591,62.0242,60.0000,6.8748,7
2026-10-04T18:00:00Z,2026-10-05T03:00:00+09:00,RJFS,佐賀,33.1500,130.3017,6,1.8288,1011.4138,1010.6098,20.5121,84.0101,1.3857,-2.2311,328.1567,330.0000,5.1053,5
2026-10-04T18:00:00Z,2026-10-05T03:00:00+09:00,RJFT,熊本,32.8367,130.8550,632,192.6336,1011.1044,990.4145,18.9288,91.7343,0.4013,0.2772,235.3643,240.0000,0.9482,1
2026-10-04T18:00:00Z,2026-10-05T03:00:00+09:00,RJFU,長崎,32.9167,129.9133,8,2.4384,1011.3796,1005.7509,21.6700,77.7076,1.1117,-3.4404,342.0925,340.0000,7.0282,7
2026-10-04T18:00:00Z,2026-10-05T03:00:00+09:00,RJOA,広島,34.4367,132.9200,1086,331.0128,1012.4630,985.5086,16.6671,95.6392,-0.7590,-0.8974,40.2223,40.0000,2.2847,2
2026-10-04T18:00:00Z,2026-10-05T03:00:00+09:00,RJOM,松山,33.8267,132.7000,13,3.9624,1011.4773,1008.1923,20.9325,86.7120,-1.6776,-2.5697,33.1392,30.0000,5.9653,6
2026-10-04T19:00:00Z,2026-10-05T04:00:00+09:00,RJFC,屋久島,30.3850,130.6600,122,37.1856,1009.3060,993.2460,24.4851,79.8249,3.6936,-4.5582,320.9810,320.0000,11.4042,11
2026-10-04T19:00:00Z,2026-10-05T04:00:00+09:00,RJFE,福江,32.6667,128.8333,251,76.5048,1011.6050,1005.0866,22.7062,76.3614,1.6541,-3.5229,334.8490,330.0000,7.5653,8
2026-10-04T19:00:00Z,2026-10-05T04:00:00+09:00,RJFG,種子島,30.6033,130.9883,768,234.0864,1009.0818,998.1480,24.0083,82.4594,1.9631,-2.4274,321.0376,320.0000,6.0684,6
2026-10-04T19:00:00Z,2026-10-05T04:00:00+09:00,RJFK,鹿児島,31.8033,130.7200,892,271.8816,1009.7914,987.3861,20.4483,86.5481,0.5388,-1.6528,341.9439,340.0000,3.3792,3
2026-10-04T19:00:00Z,2026-10-05T04:00:00+09:00,RJFM,宮崎,31.8767,131.4483,19,5.7912,1009.2047,1005.5160,21.7353,89.9264,2.3398,-2.9643,321.7155,320.0000,7.3408,7
2026-10-04T19:00:00Z,2026-10-05T04:00:00+09:00,RJFO,大分,33.4800,131.7367,17,5.1816,1011.1334,1006.5313,21.3048,89.6509,-2.6631,-1.8590,55.0830,60.0000,6.3132,6
2026-10-04T19:00:00Z,2026-10-05T04:00:00+09:00,RJFS,佐賀,33.1500,130.3017,6,1.8288,1011.1340,1010.3804,20.5731,82.9661,2.0468,-1.5840,307.7362,310.0000,5.0310,5
2026-10-04T19:00:00Z,2026-10-05T04:00:00+09:00,RJFT,熊本,32.8367,130.8550,632,192.6336,1010.8561,990.1505,18.6621,92.8666,-0.3160,0.7967,158.3633,160.0000,1.6661,2
2026-10-04T19:00:00Z,2026-10-05T04:00:00+09:00,RJFU,長崎,32.9167,129.9133,8,2.4384,1011.2452,1005.6114,21.5789,77.8671,0.9223,-3.6627,345.8669,350.0000,7.3419,7
2026-10-04T19:00:00Z,2026-10-05T04:00:00+09:00,RJOA,広島,34.4367,132.9200,1086,331.0128,1012.1143,985.1515,16.6308,94.8556,-0.5566,-0.7812,35.4718,40.0000,1.8645,2
2026-10-04T19:00:00Z,2026-10-05T04:00:00+09:00,RJOM,松山,33.8267,132.7000,13,3.9624,1011.0835,1007.8278,21.0758,85.3050,-1.4742,-2.6585,29.0087,30.0000,5.9091,6
2026-10-04T20:00:00Z,2026-10-05T05:00:00+09:00,RJFC,屋久島,30.3850,130.6600,122,37.1856,1009.3017,993.2549,24.5089,79.7021,4.1862,-5.0533,320.3609,320.0000,12.7555,13
2026-10-04T20:00:00Z,2026-10-05T05:00:00+09:00,RJFE,福江,32.6667,128.8333,251,76.5048,1011.4827,1004.9276,22.8932,75.4440,1.5100,-4.2215,340.3182,340.0000,8.7152,9
2026-10-04T20:00:00Z,2026-10-05T05:00:00+09:00,RJFG,種子島,30.6033,130.9883,768,234.0864,1009.1446,998.2013,24.0727,80.3602,2.6417,-2.9158,317.8233,320.0000,7.6481,8
2026-10-04T20:00:00Z,2026-10-05T05:00:00+09:00,RJFK,鹿児島,31.8033,130.7200,892,271.8816,1009.8652,987.4323,20.4606,85.6108,1.0211,-1.6835,328.7620,330.0000,3.8274,4
2026-10-04T20:00:00Z,2026-10-05T05:00:00+09:00,RJFM,宮崎,31.8767,131.4483,19,5.7912,1009.1487,1005.4949,21.8852,89.3106,2.4257,-2.7667,318.7573,320.0000,7.1523,7
2026-10-04T20:00:00Z,2026-10-05T05:00:00+09:00,RJFO,大分,33.4800,131.7367,17,5.1816,1010.9787,1006.3742,21.3650,89.5843,-1.7009,-2.0857,39.1978,40.0000,5.2316,5
2026-10-04T20:00:00Z,2026-10-05T05:00:00+09:00,RJFS,佐賀,33.1500,130.3017,6,1.8288,1011.0917,1010.2994,20.2664,83.5269,1.9000,-1.6864,311.5921,310.0000,4.9383,5
2026-10-04T20:00:00Z,2026-10-05T05:00:00+09:00,RJFT,熊本,32.8367,130.8550,632,192.6336,1010.9054,990.1929,18.7843,91.5734,0.5823,0.3955,235.8158,240.0000,1.3682,1
2026-10-04T20:00:00Z,2026-10-05T05:00:00+09:00,RJFU,長崎,32.9167,129.9133,8,2.4384,1011.1942,1005.5643,21.4793,80.6587,0.7895,-3.8793,348.4969,350.0000,7.6953,8
2026-10-04T20:00:00Z,2026-10-05T05:00:00+09:00,RJOA,広島,34.4367,132.9200,1086,331.0128,1011.9885,984.9849,16.5798,94.7453,-0.5522,-0.9470,30.2464,30.0000,2.1310,2
2026-10-04T20:00:00Z,2026-10-05T05:00:00+09:00,RJOM,松山,33.8267,132.7000,13,3.9624,1010.9448,1007.6379,20.9325,86.9857,-2.0745,-2.4056,40.7741,40.0000,6.1748,6
2026-10-04T21:00:00Z,2026-10-05T06:00:00+09:00,RJFC,屋久島,30.3850,130.6600,122,37.1856,1009.3253,993.2513,24.6655,79.1542,4.2787,-5.4526,321.8784,320.0000,13.4727,13
2026-10-04T21:00:00Z,2026-10-05T06:00:00+09:00,RJFE,福江,32.6667,128.8333,251,76.5048,1011.5076,1005.0051,22.9928,72.8413,1.8817,-4.4811,337.2212,340.0000,9.4475,9
2026-10-04T21:00:00Z,2026-10-05T06:00:00+09:00,RJFG,種子島,30.6033,130.9883,768,234.0864,1009.2347,998.3205,24.1271,79.0700,3.1414,-2.8562,312.2767,310.0000,8.2531,8
2026-10-04T21:00:00Z,2026-10-05T06:00:00+09:00,RJFK,鹿児島,31.8033,130.7200,892,271.8816,1009.7911,987.3655,20.3847,85.6335,0.8000,-1.9249,337.4308,340.0000,4.0520,4
2026-10-04T21:00:00Z,2026-10-05T06:00:00+09:00,RJFM,宮崎,31.8767,131.4483,19,5.7912,1009.2793,1005.6142,21.9794,89.0515,2.3940,-2.5605,316.9256,320.0000,6.8138,7
2026-10-04T21:00:00Z,2026-10-05T06:00:00+09:00,RJFO,大分,33.4800,131.7367,17,5.1816,1010.8403,1006.2415,21.4301,89.3655,-0.9888,-2.2380,23.8375,20.0000,4.7560,5
2026-10-04T21:00:00Z,2026-10-05T06:00:00+09:00,RJFS,佐賀,33.1500,130.3017,6,1.8288,1011.0056,1010.1917,20.1848,81.8869,1.5424,-1.9549,321.7265,320.0000,4.8404,5
2026-10-04T21:00:00Z,2026-10-05T06:00:00+09:00,RJFT,熊本,32.8367,130.8550,632,192.6336,1010.8761,990.1837,18.4092,93.4446,-0.5212,0.8582,148.7280,150.0000,1.9518,2
2026-10-04T21:00:00Z,2026-10-05T06:00:00+09:00,RJFU,長崎,32.9167,129.9133,8,2.4384,1011.1708,1005.5324,21.4038,83.1926,1.0300,-4.2952,346.5152,350.0000,8.5859,9
2026-10-04T21:00:00Z,2026-10-05T06:00:00+09:00,RJOA,広島,34.4367,132.9200,1086,331.0128,1011.5789,984.6315,16.5468,95.0345,-0.7555,-0.7986,43.4109,40.0000,2.1369,2
2026-10-04T21:00:00Z,2026-10-05T06:00:00+09:00,RJOM,松山,33.8267,132.7000,13,3.9624,1010.8676,1007.5659,20.7070,87.1919,-2.0723,-1.3635,56.6569,60.0000,4.8219,5
2026-10-04T22:00:00Z,2026-10-05T07:00:00+09:00,RJFC,屋久島,30.3850,130.6600,122,37.1856,1009.4121,993.3099,24.7022,78.7124,4.3465,-6.4777,326.1390,330.0000,15.1636,15
2026-10-04T22:00:00Z,2026-10-05T07:00:00+09:00,RJFE,福江,32.6667,128.8333,251,76.5048,1011.6147,1005.0663,23.0738,69.1693,1.4862,-4.2752,340.8306,340.0000,8.7982,9
2026-10-04T22:00:00Z,2026-10-05T07:00:00+09:00,RJFG,種子島,30.6033,130.9883,768,234.0864,1009.3239,998.3981,24.0473,81.2190,3.0921,-3.2015,315.9959,320.0000,8.6518,9
2026-10-04T22:00:00Z,2026-10-05T07:00:00+09:00,RJFK,鹿児島,31.8033,130.7200,892,271.8816,1009.8703,987.4826,20.5024,85.3322,0.9501,-1.8037,332.2218,330.0000,3.9627,4
2026-10-04T22:00:00Z,2026-10-05T07:00:00+09:00,RJFM,宮崎,31.8767,131.4483,19,5.7912,1009.2863,1005.6209,22.1688,88.0848,2.3130,-2.3251,315.1495,320.0000,6.3751,6
2026-10-04T22:00:00Z,2026-10-05T07:00:00+09:00,RJFO,大分,33.4800,131.7367,17,5.1816,1010.8136,1006.1998,21.4957,89.2888,-0.6236,-2.2642,15.3994,20.0000,4.5652,5
2026-10-04T22:00:00Z,2026-10-05T07:00:00+09:00,RJFS,佐賀,33.1500,130.3017,6,1.8288,1011.2120,1010.3752,20.5213,81.2274,1.1418,-1.9684,329.8836,330.0000,4.4233,4
2026-10-04T22:00:00Z,2026-10-05T07:00:00+09:00,RJFT,熊本,32.8367,130.8550,632,192.6336,1010.9692,990.2861,19.0024,92.1200,0.0664,0.7113,185.3329,190.0000,1.3886,1
2026-10-04T22:00:00Z,2026-10-05T07:00:00+09:00,RJFU,長崎,32.9167,129.9133,8,2.4384,1011.3063,1005.6994,21.4764,83.3560,0.8003,-4.7163,350.3695,350.0000,9.2988,9
2026-10-04T22:00:00Z,2026-10-05T07:00:00+09:00,RJOA,広島,34.4367,132.9200,1086,331.0128,1011.6314,984.6885,16.9265,95.0113,-0.5716,-0.5302,47.1512,50.0000,1.5156,2
2026-10-04T22:00:00Z,2026-10-05T07:00:00+09:00,RJOM,松山,33.8267,132.7000,13,3.9624,1010.7265,1007.4400,20.8106,86.6305,-1.7622,-1.5902,47.9366,50.0000,4.6140,5
2026-10-04T23:00:00Z,2026-10-05T08:00:00+09:00,RJFC,屋久島,30.3850,130.6600,122,37.1856,1009.5742,993.5026,24.8923,75.8284,4.3677,-6.1608,324.6653,320.0000,14.6798,15
2026-10-04T23:00:00Z,2026-10-05T08:00:00+09:00,RJFE,福江,32.6667,128.8333,251,76.5048,1011.8838,1005.3303,23.7446,67.9290,1.0336,-4.6442,347.4526,350.0000,9.2486,9
2026-10-04T23:00:00Z,2026-10-05T08:00:00+09:00,RJFG,種子島,30.6033,130.9883,768,234.0864,1009.3581,998.4490,24.5301,78.6897,2.5007,-3.2444,322.3757,320.0000,7.9625,8
2026-10-04T23:00:00Z,2026-10-05T08:00:00+09:00,RJFK,鹿児島,31.8033,130.7200,892,271.8816,1009.9767,987.6224,21.6912,81.0356,0.9374,-1.8788,333.4839,330.0000,4.0814,4
2026-10-04T23:00:00Z,2026-10-05T08:00:00+09:00,RJFM,宮崎,31.8767,131.4483,19,5.7912,1009.2797,1005.6288,22.5911,86.2360,2.2900,-1.9174,309.9393,310.0000,5.8057,6
2026-10-04T23:00:00Z,2026-10-05T08:00:00+09:00,RJFO,大分,33.4800,131.7367,17,5.1816,1010.9232,1006.2732,21.5198,90.1736,0.1971,-2.8079,355.9846,360.0000,5.4715,5
2026-10-04T23:00:00Z,2026-10-05T08:00:00+09:00,RJFS,佐賀,33.1500,130.3017,6,1.8288,1011.4322,1010.6756,21.2547,77.7319,-0.3677,-1.4760,13.9894,10.0000,2.9567,3
2026-10-04T23:00:00Z,2026-10-05T08:00:00+09:00,RJFT,熊本,32.8367,130.8550,632,192.6336,1011.2518,990.5428,19.8716,89.7241,0.5903,0.0406,266.0692,270.0000,1.1502,1
2026-10-04T23:00:00Z,2026-10-05T08:00:00+09:00,RJFU,長崎,32.9167,129.9133,8,2.4384,1011.5152,1005.9104,21.9806,80.6364,0.8159,-4.7790,350.3111,350.0000,9.4241,9
2026-10-04T23:00:00Z,2026-10-05T08:00:00+09:00,RJOA,広島,34.4367,132.9200,1086,331.0128,1011.5916,984.7012,17.7632,94.6821,-0.7118,-0.4225,59.3078,60.0000,1.6090,2
2026-10-04T23:00:00Z,2026-10-05T08:00:00+09:00,RJOM,松山,33.8267,132.7000,13,3.9624,1010.6623,1007.3850,21.2850,85.4963,-1.1518,-1.7468,33.3998,30.0000,4.0672,4
2026-10-05T00:00:00Z,2026-10-05T09:00:00+09:00,RJFC,屋久島,30.3850,130.6600,122,37.1856,1009.6091,993.5485,24.9844,77.1194,4.3500,-6.3248,325.4809,330.0000,14.9216,15
2026-10-05T00:00:00Z,2026-10-05T09:00:00+09:00,RJFE,福江,32.6667,128.8333,251,76.5048,1012.1723,1005.6238,24.2743,66.8653,1.7676,-5.2627,341.4343,340.0000,10.7914,11
2026-10-05T00:00:00Z,2026-10-05T09:00:00+09:00,RJFG,種子島,30.6033,130.9883,768,234.0864,1009.3922,998.5103,25.1666,75.0649,2.8658,-3.0697,316.9678,320.0000,8.1632,8
2026-10-05T00:00:00Z,2026-10-05T09:00:00+09:00,RJFK,鹿児島,31.8033,130.7200,892,271.8816,1009.7176,987.4689,23.0941,75.9473,0.9080,-2.1010,336.6266,340.0000,4.4491,4
2026-10-05T00:00:00Z,2026-10-05T09:00:00+09:00,RJFM,宮崎,31.8767,131.4483,19,5.7912,1009.2503,1005.6173,23.6217,82.0603,1.7290,-1.9685,318.7053,320.0000,5.0928,5
2026-10-05T00:00:00Z,2026-10-05T09:00:00+09:00,RJFO,大分,33.4800,131.7367,17,5.1816,1011.0608,1006.4274,21.5587,91.0613,0.4341,-3.1957,352.2644,350.0000,6.2689,6
2026-10-05T00:00:00Z,2026-10-05T09:00:00+09:00,RJFS,佐賀,33.1500,130.3017,6,1.8288,1011.6055,1010.8407,21.9576,75.7000,0.1432,-0.9820,351.7037,350.0000,1.9291,2
2026-10-05T00:00:00Z,2026-10-05T09:00:00+09:00,RJFT,熊本,32.8367,130.8550,632,192.6336,1011.2208,990.5841,20.8770,86.2501,0.7131,-0.0290,272.3286,270.0000,1.3872,1
2026-10-05T00:00:00Z,2026-10-05T09:00:00+09:00,RJFU,長崎,32.9167,129.9133,8,2.4384,1011.5965,1005.9852,22.8083,76.7206,1.2357,-5.3496,346.9932,350.0000,10.6726,11
2026-10-05T00:00:00Z,2026-10-05T09:00:00+09:00,RJOA,広島,34.4367,132.9200,1086,331.0128,1011.4264,984.6187,18.6048,93.4115,-0.7896,-0.3238,67.7033,70.0000,1.6590,2
2026-10-05T00:00:00Z,2026-10-05T09:00:00+09:00,RJOM,松山,33.8267,132.7000,13,3.9624,1010.7002,1007.4269,21.6886,85.3557,-0.7769,-2.3035,18.6381,20.0000,4.7256,5
2026-10-05T01:00:00Z,2026-10-05T10:00:00+09:00,RJFC,屋久島,30.3850,130.6600,122,37.1856,1009.5879,993.5540,25.2058,72.9285,4.8284,-6.0794,321.5426,320.0000,15.0911,15
2026-10-05T01:00:00Z,2026-10-05T10:00:00+09:00,RJFE,福江,32.6667,128.8333,251,76.5048,1012.2441,1005.7543,24.5926,64.6973,1.9042,-5.5352,341.0161,340.0000,11.3784,11
2026-10-05T01:00:00Z,2026-10-05T10:00:00+09:00,RJFG,種子島,30.6033,130.9883,768,234.0864,1009.3554,998.5174,25.5836,72.2140,3.1135,-2.9502,313.4572,310.0000,8.3376,8
2026-10-05T01:00:00Z,2026-10-05T10:00:00+09:00,RJFK,鹿児島,31.8033,130.7200,892,271.8816,1009.5614,987.3541,24.4183,70.7292,1.0764,-2.1226,333.1099,330.0000,4.6261,5
2026-10-05T01:00:00Z,2026-10-05T10:00:00+09:00,RJFM,宮崎,31.8767,131.4483,19,5.7912,1009.0639,1005.4240,24.7619,78.2177,1.4059,-1.7470,321.1757,320.0000,4.3589,4
2026-10-05T01:00:00Z,2026-10-05T10:00:00+09:00,RJFO,大分,33.4800,131.7367,17,5.1816,1010.9402,1006.3191,21.8396,90.1239,0.4053,-3.1372,352.6380,350.0000,6.1489,6
2026-10-05T01:00:00Z,2026-10-05T10:00:00+09:00,RJFS,佐賀,33.1500,130.3017,6,1.8288,1011.5917,1010.7421,23.0657,72.0128,0.4205,-0.8008,332.2984,330.0000,1.7582,2
2026-10-05T01:00:00Z,2026-10-05T10:00:00+09:00,RJFT,熊本,32.8367,130.8550,632,192.6336,1011.1559,990.5916,21.9990,81.8860,1.2920,-0.1552,276.8499,280.0000,2.5294,3
2026-10-05T01:00:00Z,2026-10-05T10:00:00+09:00,RJFU,長崎,32.9167,129.9133,8,2.4384,1011.5845,1005.9932,23.9406,68.9110,1.7934,-5.4058,341.6464,340.0000,11.0712,11
2026-10-05T01:00:00Z,2026-10-05T10:00:00+09:00,RJOA,広島,34.4367,132.9200,1086,331.0128,1011.3891,984.6523,19.1744,91.7204,-0.6299,-0.2435,68.8639,70.0000,1.3127,1
2026-10-05T01:00:00Z,2026-10-05T10:00:00+09:00,RJOM,松山,33.8267,132.7000,13,3.9624,1010.7186,1007.4361,21.8958,85.8172,-0.7541,-2.9370,14.4001,10.0000,5.8943,6
2026-10-05T02:00:00Z,2026-10-05T11:00:00+09:00,RJFC,屋久島,30.3850,130.6600,122,37.1856,1009.4886,993.4531,25.4592,67.4211,5.3791,-6.2054,319.0801,320.0000,15.9634,16
2026-10-05T02:00:00Z,2026-10-05T11:00:00+09:00,RJFE,福江,32.6667,128.8333,251,76.5048,1012.2441,1005.6677,24.5635,64.3517,1.9463,-5.5821,340.7778,340.0000,11.4913,11
2026-10-05T02:00:00Z,2026-10-05T11:00:00+09:00,RJFG,種子島,30.6033,130.9883,768,234.0864,1009.1994,998.2987,25.8567,69.4462,3.5177,-2.9897,310.3605,310.0000,8.9739,9
2026-10-05T02:00:00Z,2026-10-05T11:00:00+09:00,RJFK,鹿児島,31.8033,130.7200,892,271.8816,1009.2008,987.1251,25.4647,65.3725,1.3324,-2.2497,329.3630,330.0000,5.0824,5
2026-10-05T02:00:00Z,2026-10-05T11:00:00+09:00,RJFM,宮崎,31.8767,131.4483,19,5.7912,1008.4829,1004.8416,25.8620,73.5916,1.2092,-1.3200,317.5087,320.0000,3.4797,3
2026-10-05T02:00:00Z,2026-10-05T11:00:00+09:00,RJFO,大分,33.4800,131.7367,17,5.1816,1010.6110,1006.0715,22.1284,88.6927,1.0593,-3.5624,343.4407,340.0000,7.2244,7
2026-10-05T02:00:00Z,2026-10-05T11:00:00+09:00,RJFS,佐賀,33.1500,130.3017,6,1.8288,1011.1787,1010.3728,24.5459,65.7652,0.3326,-1.2767,345.3994,350.0000,2.5644,3
2026-10-05T02:00:00Z,2026-10-05T11:00:00+09:00,RJFT,熊本,32.8367,130.8550,632,192.6336,1010.8228,990.2879,23.2407,76.4058,1.6564,-0.5043,286.9341,290.0000,3.3656,3
2026-10-05T02:00:00Z,2026-10-05T11:00:00+09:00,RJFU,長崎,32.9167,129.9133,8,2.4384,1011.3367,1005.7669,24.9453,61.1626,2.2455,-5.9402,339.2921,340.0000,12.3443,12
2026-10-05T02:00:00Z,2026-10-05T11:00:00+09:00,RJOA,広島,34.4367,132.9200,1086,331.0128,1010.9908,984.2989,19.6687,90.0140,-0.4132,-0.2650,57.3235,60.0000,0.9542,1
2026-10-05T02:00:00Z,2026-10-05T11:00:00+09:00,RJOM,松山,33.8267,132.7000,13,3.9624,1010.3149,1007.0163,22.0252,86.4451,-0.9372,-3.8675,13.6215,10.0000,7.7354,8
2026-10-05T03:00:00Z,2026-10-05T12:00:00+09:00,RJFC,屋久島,30.3850,130.6600,122,37.1856,1009.0273,993.0233,25.5011,66.4710,5.7784,-6.7182,319.3009,320.0000,17.2251,17
2026-10-05T03:00:00Z,2026-10-05T12:00:00+09:00,RJFE,福江,32.6667,128.8333,251,76.5048,1011.8634,1005.3405,24.5856,66.2949,1.9497,-5.3170,339.8625,340.0000,11.0084,11
2026-10-05T03:00:00Z,2026-10-05T12:00:00+09:00,RJFG,種子島,30.6033,130.9883,768,234.0864,1008.6861,997.8772,26.1872,66.3111,3.8712,-3.0255,308.0090,310.0000,9.5506,10
2026-10-05T03:00:00Z,2026-10-05T12:00:00+09:00,RJFK,鹿児島,31.8033,130.7200,892,271.8816,1008.5586,986.5262,26.1235,61.4117,1.4809,-2.3447,327.7246,330.0000,5.3907,5
2026-10-05T03:00:00Z,2026-10-05T12:00:00+09:00,RJFM,宮崎,31.8767,131.4483,19,5.7912,1007.6222,1004.0066,26.9988,68.8897,0.9167,-0.9701,316.6215,320.0000,2.5945,3
2026-10-05T03:00:00Z,2026-10-05T12:00:00+09:00,RJFO,大分,33.4800,131.7367,17,5.1816,1010.1179,1005.5302,22.2100,87.1910,0.4672,-3.6405,352.6869,350.0000,7.1347,7
2026-10-05T03:00:00Z,2026-10-05T12:00:00+09:00,RJFS,佐賀,33.1500,130.3017,6,1.8288,1010.4928,1009.7330,26.3297,54.5956,2.0095,-3.5512,330.4957,330.0000,7.9316,8
2026-10-05T03:00:00Z,2026-10-05T12:00:00+09:00,RJFT,熊本,32.8367,130.8550,632,192.6336,1009.9828,989.5919,24.9396,66.0060,2.0757,-1.5208,306.2290,310.0000,5.0019,5
2026-10-05T03:00:00Z,2026-10-05T12:00:00+09:00,RJFU,長崎,32.9167,129.9133,8,2.4384,1010.8826,1005.3522,25.3541,59.0205,3.0414,-5.4623,330.8911,330.0000,12.1529,12
2026-10-05T03:00:00Z,2026-10-05T12:00:00+09:00,RJOA,広島,34.4367,132.9200,1086,331.0128,1010.1466,983.5188,20.3193,87.0908,-0.2953,-0.5205,29.5686,30.0000,1.1633,1
2026-10-05T03:00:00Z,2026-10-05T12:00:00+09:00,RJOM,松山,33.8267,132.7000,13,3.9624,1009.8158,1006.5907,22.1496,86.6895,-0.7465,-3.4985,12.0454,10.0000,6.9536,7
2026-10-05T04:00:00Z,2026-10-05T13:00:00+09:00,RJFC,屋久島,30.3850,130.6600,122,37.1856,1008.4857,992.4545,25.3017,68.3301,5.9034,-7.2149,320.7090,320.0000,18.1211,18
2026-10-05T04:00:00Z,2026-10-05T13:00:00+09:00,RJFE,福江,32.6667,128.8333,251,76.5048,1011.3058,1004.8114,24.3748,68.8566,1.8016,-5.9871,343.2531,340.0000,12.1535,12
2026-10-05T04:00:00Z,2026-10-05T13:00:00+09:00,RJFG,種子島,30.6033,130.9883,768,234.0864,1008.1279,997.3015,26.3700,60.5484,4.0766,-3.0886,307.1489,310.0000,9.9418,10
2026-10-05T04:00:00Z,2026-10-05T13:00:00+09:00,RJFK,鹿児島,31.8033,130.7200,892,271.8816,1007.9283,985.9530,26.5165,56.2740,1.7253,-2.4160,324.4689,320.0000,5.7709,6
2026-10-05T04:00:00Z,2026-10-05T13:00:00+09:00,RJFM,宮崎,31.8767,131.4483,19,5.7912,1006.8904,1003.3252,27.6350,67.1952,-1.2519,-0.6590,62.2393,60.0000,2.7501,3
2026-10-05T04:00:00Z,2026-10-05T13:00:00+09:00,RJFO,大分,33.4800,131.7367,17,5.1816,1009.6165,1005.0745,22.5420,84.5889,1.7591,-3.6071,334.0019,330.0000,7.8010,8
2026-10-05T04:00:00Z,2026-10-05T13:00:00+09:00,RJFS,佐賀,33.1500,130.3017,6,1.8288,1009.8554,1009.0357,26.7547,52.1715,3.1124,-4.4096,324.7847,320.0000,10.4917,10
2026-10-05T04:00:00Z,2026-10-05T13:00:00+09:00,RJFT,熊本,32.8367,130.8550,632,192.6336,1009.2487,988.9000,25.8832,60.8368,2.4516,-2.2568,312.6302,310.0000,6.4773,6
2026-10-05T04:00:00Z,2026-10-05T13:00:00+09:00,RJFU,長崎,32.9167,129.9133,8,2.4384,1010.2188,1004.6592,25.5096,59.7491,3.9040,-5.1978,323.0901,320.0000,12.6363,13
2026-10-05T04:00:00Z,2026-10-05T13:00:00+09:00,RJOA,広島,34.4367,132.9200,1086,331.0128,1009.5255,982.9500,20.9032,83.4567,-0.1282,-0.2020,32.4088,30.0000,0.4651,0
2026-10-05T04:00:00Z,2026-10-05T13:00:00+09:00,RJOM,松山,33.8267,132.7000,13,3.9624,1009.2624,1006.0219,22.2767,87.0415,-0.8146,-3.1719,14.4036,10.0000,6.3657,6
2026-10-05T05:00:00Z,2026-10-05T14:00:00+09:00,RJFC,屋久島,30.3850,130.6600,122,37.1856,1008.0578,992.0361,25.2663,70.3852,6.1403,-7.6211,321.1418,320.0000,19.0243,19
2026-10-05T05:00:00Z,2026-10-05T14:00:00+09:00,RJFE,福江,32.6667,128.8333,251,76.5048,1011.3512,1004.8226,23.7946,69.9830,2.5634,-6.1584,337.4009,340.0000,12.9665,13
2026-10-05T05:00:00Z,2026-10-05T14:00:00+09:00,RJFG,種子島,30.6033,130.9883,768,234.0864,1007.6408,996.7651,26.4697,61.0278,4.0383,-3.2125,308.5026,310.0000,10.0307,10
2026-10-05T05:00:00Z,2026-10-05T14:00:00+09:00,RJFK,鹿児島,31.8033,130.7200,892,271.8816,1007.6743,985.6594,26.2412,55.0918,1.8115,-2.6342,325.4838,330.0000,6.2143,6
2026-10-05T05:00:00Z,2026-10-05T14:00:00+09:00,RJFM,宮崎,31.8767,131.4483,19,5.7912,1006.5821,1002.9528,26.8068,73.4877,-3.3793,-1.7277,62.9215,60.0000,7.3774,7
2026-10-05T05:00:00Z,2026-10-05T14:00:00+09:00,RJFO,大分,33.4800,131.7367,17,5.1816,1009.0271,1004.4322,24.1537,70.1348,2.7215,-3.9823,325.6511,330.0000,9.3759,9
2026-10-05T05:00:00Z,2026-10-05T14:00:00+09:00,RJFS,佐賀,33.1500,130.3017,6,1.8288,1009.4343,1008.6360,26.7750,53.7920,3.8557,-4.4492,319.0872,320.0000,11.4442,11
2026-10-05T05:00:00Z,2026-10-05T14:00:00+09:00,RJFT,熊本,32.8367,130.8550,632,192.6336,1008.7364,988.4687,26.2073,59.4194,2.4731,-2.5780,316.1890,320.0000,6.9442,7
2026-10-05T05:00:00Z,2026-10-05T14:00:00+09:00,RJFU,長崎,32.9167,129.9133,8,2.4384,1009.9968,1004.4361,25.2492,59.9684,5.1956,-5.3704,315.9478,320.0000,14.5249,15
2026-10-05T05:00:00Z,2026-10-05T14:00:00+09:00,RJOA,広島,34.4367,132.9200,1086,331.0128,1009.3790,982.7831,20.4974,86.9988,-0.4552,0.3137,124.5737,120.0000,1.0746,1
2026-10-05T05:00:00Z,2026-10-05T14:00:00+09:00,RJOM,松山,33.8267,132.7000,13,3.9624,1009.1138,1005.8549,22.2991,86.6800,-0.6911,-1.7030,22.0890,20.0000,3.5726,4
2026-10-05T06:00:00Z,2026-10-05T15:00:00+09:00,RJFC,屋久島,30.3850,130.6600,122,37.1856,1007.8172,991.7467,25.0424,70.6233,6.8444,-8.2355,320.2702,320.0000,20.8154,21
2026-10-05T06:00:00Z,2026-10-05T15:00:00+09:00,RJFE,福江,32.6667,128.8333,251,76.5048,1011.3609,1004.8002,23.4766,68.9353,2.8542,-6.0884,334.8828,330.0000,13.0708,13
2026-10-05T06:00:00Z,2026-10-05T15:00:00+09:00,RJFG,種子島,30.6033,130.9883,768,234.0864,1007.4160,996.6445,26.2475,65.4392,4.2675,-3.3849,308.4208,310.0000,10.5880,11
2026-10-05T06:00:00Z,2026-10-05T15:00:00+09:00,RJFK,鹿児島,31.8033,130.7200,892,271.8816,1007.6377,985.5759,25.8874,56.2476,1.7433,-2.6759,326.9164,330.0000,6.2079,6
2026-10-05T06:00:00Z,2026-10-05T15:00:00+09:00,RJFM,宮崎,31.8767,131.4483,19,5.7912,1006.4953,1002.8499,26.6665,74.4433,-3.0029,-2.0998,55.0363,60.0000,7.1226,7
2026-10-05T06:00:00Z,2026-10-05T15:00:00+09:00,RJFO,大分,33.4800,131.7367,17,5.1816,1008.6821,1004.1029,25.0297,62.9536,3.4970,-4.6453,323.0269,320.0000,11.3024,11
2026-10-05T06:00:00Z,2026-10-05T15:00:00+09:00,RJFS,佐賀,33.1500,130.3017,6,1.8288,1009.5326,1008.7788,26.1167,56.9011,5.2076,-4.9943,313.8025,310.0000,14.0256,14
2026-10-05T06:00:00Z,2026-10-05T15:00:00+09:00,RJFT,熊本,32.8367,130.8550,632,192.6336,1008.5589,988.2514,26.3541,56.1734,2.4493,-2.5603,316.2692,320.0000,6.8875,7
2026-10-05T06:00:00Z,2026-10-05T15:00:00+09:00,RJFU,長崎,32.9167,129.9133,8,2.4384,1010.0603,1004.5253,24.7009,63.4792,5.2805,-5.7443,317.4087,320.0000,15.1670,15
2026-10-05T06:00:00Z,2026-10-05T15:00:00+09:00,RJOA,広島,34.4367,132.9200,1086,331.0128,1009.0999,982.5311,20.2728,90.4201,-0.0677,-0.2323,16.2502,20.0000,0.4704,0
2026-10-05T06:00:00Z,2026-10-05T15:00:00+09:00,RJOM,松山,33.8267,132.7000,13,3.9624,1009.0090,1005.7289,22.2550,87.1342,-1.0868,-0.7869,54.0947,50.0000,2.6082,3
2026-10-05T07:00:00Z,2026-10-05T16:00:00+09:00,RJFC,屋久島,30.3850,130.6600,122,37.1856,1007.9285,991.8734,25.0055,67.2328,7.1822,-8.4907,319.7725,320.0000,21.6175,22
2026-10-05T07:00:00Z,2026-10-05T16:00:00+09:00,RJFE,福江,32.6667,128.8333,251,76.5048,1011.3451,1004.7992,23.0500,68.6163,3.2436,-5.6555,330.1641,330.0000,12.6731,13
2026-10-05T07:00:00Z,2026-10-05T16:00:00+09:00,RJFG,種子島,30.6033,130.9883,768,234.0864,1007.4755,996.5922,25.9089,67.0346,4.2988,-3.5672,309.6863,310.0000,10.8585,11
2026-10-05T07:00:00Z,2026-10-05T16:00:00+09:00,RJFK,鹿児島,31.8033,130.7200,892,271.8816,1007.9076,985.8565,25.1403,59.0819,1.6899,-2.5905,326.8815,330.0000,6.0123,6
2026-10-05T07:00:00Z,2026-10-05T16:00:00+09:00,RJFM,宮崎,31.8767,131.4483,19,5.7912,1006.7711,1003.1309,26.5188,74.0253,-2.5568,-2.0829,50.8313,50.0000,6.4105,6
2026-10-05T07:00:00Z,2026-10-05T16:00:00+09:00,RJFO,大分,33.4800,131.7367,17,5.1816,1008.7847,1004.2579,24.9023,60.5888,3.9041,-4.6294,319.8587,320.0000,11.7717,12
2026-10-05T07:00:00Z,2026-10-05T16:00:00+09:00,RJFS,佐賀,33.1500,130.3017,6,1.8288,1009.8435,1009.0648,25.3259,58.7639,4.9746,-5.1375,315.9227,320.0000,13.9009,14
2026-10-05T07:00:00Z,2026-10-05T16:00:00+09:00,RJFT,熊本,32.8367,130.8550,632,192.6336,1008.7117,988.4166,25.9621,56.0790,2.2048,-2.5514,319.1679,320.0000,6.5547,7
2026-10-05T07:00:00Z,2026-10-05T16:00:00+09:00,RJFU,長崎,32.9167,129.9133,8,2.4384,1010.2615,1004.6904,24.1413,65.0285,4.9724,-6.0478,320.5733,320.0000,15.2193,15
2026-10-05T07:00:00Z,2026-10-05T16:00:00+09:00,RJOA,広島,34.4367,132.9200,1086,331.0128,1009.2222,982.6069,20.2423,90.9981,-0.4225,0.4457,136.5315,140.0000,1.1938,1
2026-10-05T07:00:00Z,2026-10-05T16:00:00+09:00,RJOM,松山,33.8267,132.7000,13,3.9624,1009.0064,1005.7024,22.2571,87.2124,-1.1657,-0.2630,77.2868,80.0000,2.3230,2
2026-10-05T08:00:00Z,2026-10-05T17:00:00+09:00,RJFC,屋久島,30.3850,130.6600,122,37.1856,1008.2744,992.2400,24.9258,67.7471,7.0797,-8.6227,320.6124,320.0000,21.6870,22
2026-10-05T08:00:00Z,2026-10-05T17:00:00+09:00,RJFE,福江,32.6667,128.8333,251,76.5048,1011.6295,1005.0459,22.4948,65.8594,3.7723,-5.0085,323.0134,320.0000,12.1883,12
2026-10-05T08:00:00Z,2026-10-05T17:00:00+09:00,RJFG,種子島,30.6033,130.9883,768,234.0864,1007.6759,996.8124,25.6295,67.4432,4.0706,-3.7816,312.8923,310.0000,10.8003,11
2026-10-05T08:00:00Z,2026-10-05T17:00:00+09:00,RJFK,鹿児島,31.8033,130.7200,892,271.8816,1008.2266,986.1431,24.0730,63.1828,1.4665,-2.3010,327.4887,330.0000,5.3039,5
2026-10-05T08:00:00Z,2026-10-05T17:00:00+09:00,RJFM,宮崎,31.8767,131.4483,19,5.7912,1007.0927,1003.4719,26.3627,73.7654,-1.8448,-1.7521,46.4766,50.0000,4.9456,5
2026-10-05T08:00:00Z,2026-10-05T17:00:00+09:00,RJFO,大分,33.4800,131.7367,17,5.1816,1009.1256,1004.5145,24.1358,64.1200,4.0289,-4.3318,317.0750,320.0000,11.4994,11
2026-10-05T08:00:00Z,2026-10-05T17:00:00+09:00,RJFS,佐賀,33.1500,130.3017,6,1.8288,1010.2187,1009.4119,24.3447,62.7054,4.7456,-5.0015,316.5039,320.0000,13.4021,13
2026-10-05T08:00:00Z,2026-10-05T17:00:00+09:00,RJFT,熊本,32.8367,130.8550,632,192.6336,1009.0648,988.7288,24.7574,59.4634,1.5997,-2.5046,327.4323,330.0000,5.7769,6
2026-10-05T08:00:00Z,2026-10-05T17:00:00+09:00,RJFU,長崎,32.9167,129.9133,8,2.4384,1010.5678,1004.9534,23.5886,64.9045,4.0947,-6.3231,327.0737,330.0000,14.6433,15
2026-10-05T08:00:00Z,2026-10-05T17:00:00+09:00,RJOA,広島,34.4367,132.9200,1086,331.0128,1009.5602,982.9393,19.8120,94.2074,-0.1931,0.2934,146.6418,150.0000,0.6828,1
2026-10-05T08:00:00Z,2026-10-05T17:00:00+09:00,RJOM,松山,33.8267,132.7000,13,3.9624,1009.1043,1005.8489,22.2083,87.6194,-1.0063,-0.0846,85.1965,90.0000,1.9630,2
2026-10-05T09:00:00Z,2026-10-05T18:00:00+09:00,RJFC,屋久島,30.3850,130.6600,122,37.1856,1008.5627,992.4652,24.8385,68.0860,6.7042,-8.6213,322.1303,320.0000,21.2292,21
2026-10-05T09:00:00Z,2026-10-05T18:00:00+09:00,RJFE,福江,32.6667,128.8333,251,76.5048,1011.8135,1005.2803,21.9483,61.9713,3.4183,-4.6415,323.6301,320.0000,11.2051,11
2026-10-05T09:00:00Z,2026-10-05T18:00:00+09:00,RJFG,種子島,30.6033,130.9883,768,234.0864,1008.0680,997.1963,25.2808,67.6063,3.5341,-4.0163,318.6546,320.0000,10.3992,10
2026-10-05T09:00:00Z,2026-10-05T18:00:00+09:00,RJFK,鹿児島,31.8033,130.7200,892,271.8816,1008.6624,986.4006,23.0581,65.8010,1.4984,-1.9629,322.6435,320.0000,4.8002,5
2026-10-05T09:00:00Z,2026-10-05T18:00:00+09:00,RJFM,宮崎,31.8767,131.4483,19,5.7912,1007.3970,1003.7890,26.1691,74.6250,-0.4504,-0.5633,38.6469,40.0000,1.4019,1
2026-10-05T09:00:00Z,2026-10-05T18:00:00+09:00,RJFO,大分,33.4800,131.7367,17,5.1816,1009.4626,1004.8736,23.2664,68.5516,4.0593,-4.2870,316.5625,320.0000,11.4764,11
2026-10-05T09:00:00Z,2026-10-05T18:00:00+09:00,RJFS,佐賀,33.1500,130.3017,6,1.8288,1010.6772,1009.9256,23.2895,65.3589,4.4853,-4.6857,316.2516,320.0000,12.6086,13
2026-10-05T09:00:00Z,2026-10-05T18:00:00+09:00,RJFT,熊本,32.8367,130.8550,632,192.6336,1009.7237,989.2527,23.0457,66.1598,1.5770,-2.6936,329.6531,330.0000,6.0672,6
2026-10-05T09:00:00Z,2026-10-05T18:00:00+09:00,RJFU,長崎,32.9167,129.9133,8,2.4384,1010.9968,1005.4206,22.8189,66.6791,3.7617,-6.0685,328.2058,330.0000,13.8787,14
2026-10-05T09:00:00Z,2026-10-05T18:00:00+09:00,RJOA,広島,34.4367,132.9200,1086,331.0128,1009.7192,983.0858,19.4747,95.4728,0.1173,0.0405,250.9603,250.0000,0.2413,0
2026-10-05T09:00:00Z,2026-10-05T18:00:00+09:00,RJOM,松山,33.8267,132.7000,13,3.9624,1009.1330,1005.8620,22.3075,85.9890,-0.4011,-1.3914,16.0791,20.0000,2.8148,3
2026-10-05T10:00:00Z,2026-10-05T19:00:00+09:00,RJFC,屋久島,30.3850,130.6600,122,37.1856,1009.0260,992.9068,24.7383,67.5908,6.3902,-8.6428,323.5219,320.0000,20.8937,21
2026-10-05T10:00:00Z,2026-10-05T19:00:00+09:00,RJFE,福江,32.6667,128.8333,251,76.5048,1012.1351,1005.5973,21.7804,61.3398,3.3055,-4.8073,325.4881,330.0000,11.3406,11
2026-10-05T10:00:00Z,2026-10-05T19:00:00+09:00,RJFG,種子島,30.6033,130.9883,768,234.0864,1008.7193,997.8640,24.8474,69.8340,3.3809,-3.9875,319.7066,320.0000,10.1622,10
2026-10-05T10:00:00Z,2026-10-05T19:00:00+09:00,RJFK,鹿児島,31.8033,130.7200,892,271.8816,1009.2671,986.9694,22.2197,69.0569,1.5658,-2.2170,324.7675,320.0000,5.2761,5
2026-10-05T10:00:00Z,2026-10-05T19:00:00+09:00,RJFM,宮崎,31.8767,131.4483,19,5.7912,1007.9708,1004.3481,25.3709,68.8226,2.7180,0.7304,254.9579,250.0000,5.4707,5
2026-10-05T10:00:00Z,2026-10-05T19:00:00+09:00,RJFO,大分,33.4800,131.7367,17,5.1816,1010.0879,1005.4799,22.6775,69.4784,3.6759,-4.1568,318.5130,320.0000,10.7864,11
2026-10-05T10:00:00Z,2026-10-05T19:00:00+09:00,RJFS,佐賀,33.1500,130.3017,6,1.8288,1011.2579,1010.4722,22.3653,67.9900,3.9012,-3.9472,315.3364,320.0000,10.7879,11
2026-10-05T10:00:00Z,2026-10-05T19:00:00+09:00,RJFT,熊本,32.8367,130.8550,632,192.6336,1010.5936,989.9836,21.7713,68.8060,0.9700,-2.2305,336.4964,340.0000,4.7281,5
2026-10-05T10:00:00Z,2026-10-05T19:00:00+09:00,RJFU,長崎,32.9167,129.9133,8,2.4384,1011.4435,1005.8316,22.3417,66.7892,3.4415,-5.5627,328.2562,330.0000,12.7151,13
2026-10-05T10:00:00Z,2026-10-05T19:00:00+09:00,RJOA,広島,34.4367,132.9200,1086,331.0128,1010.0330,983.3744,19.2697,90.0525,0.6015,-1.0297,329.7101,330.0000,2.3181,2
2026-10-05T10:00:00Z,2026-10-05T19:00:00+09:00,RJOM,松山,33.8267,132.7000,13,3.9624,1009.6268,1006.3649,22.5948,82.3175,-0.1168,-1.9982,3.3448,360.0000,3.8909,4
2026-10-05T11:00:00Z,2026-10-05T20:00:00+09:00,RJFC,屋久島,30.3850,130.6600,122,37.1856,1009.5803,993.4756,24.5934,69.1640,6.0079,-9.0740,326.4917,330.0000,21.1542,21
2026-10-05T11:00:00Z,2026-10-05T20:00:00+09:00,RJFE,福江,32.6667,128.8333,251,76.5048,1012.4934,1005.9195,21.9343,60.7012,3.0880,-4.7978,327.2337,330.0000,11.0910,11
2026-10-05T11:00:00Z,2026-10-05T20:00:00+09:00,RJFG,種子島,30.6033,130.9883,768,234.0864,1009.2677,998.3727,24.4546,70.3466,3.2957,-4.1703,321.6816,320.0000,10.3323,10
2026-10-05T11:00:00Z,2026-10-05T20:00:00+09:00,RJFK,鹿児島,31.8033,130.7200,892,271.8816,1009.8318,987.4557,21.5665,71.9865,1.4672,-2.2399,326.7745,330.0000,5.2048,5
2026-10-05T11:00:00Z,2026-10-05T20:00:00+09:00,RJFM,宮崎,31.8767,131.4483,19,5.7912,1008.5886,1004.9695,24.3193,64.1899,3.4612,-1.4596,292.8654,290.0000,7.3019,7
2026-10-05T11:00:00Z,2026-10-05T20:00:00+09:00,RJFO,大分,33.4800,131.7367,17,5.1816,1010.6558,1006.0530,22.2715,70.4692,3.1050,-4.1200,322.9968,320.0000,10.0283,10
2026-10-05T11:00:00Z,2026-10-05T20:00:00+09:00,RJFS,佐賀,33.1500,130.3017,6,1.8288,1011.7395,1010.9584,21.6912,69.6965,3.7049,-3.5625,313.8776,310.0000,9.9909,10
2026-10-05T11:00:00Z,2026-10-05T20:00:00+09:00,RJFT,熊本,32.8367,130.8550,632,192.6336,1011.2398,990.5966,20.7188,73.9560,0.7462,-1.7536,336.9496,340.0000,3.7045,4
2026-10-05T11:00:00Z,2026-10-05T20:00:00+09:00,RJFU,長崎,32.9167,129.9133,8,2.4384,1011.9297,1006.3179,21.9954,64.0379,3.3329,-5.5856,329.1755,330.0000,12.6436,13
2026-10-05T11:00:00Z,2026-10-05T20:00:00+09:00,RJOA,広島,34.4367,132.9200,1086,331.0128,1010.5440,983.7647,18.9107,84.4616,0.6887,-1.2822,331.7600,330.0000,2.8292,3
2026-10-05T11:00:00Z,2026-10-05T20:00:00+09:00,RJOM,松山,33.8267,132.7000,13,3.9624,1010.0205,1006.7775,22.5531,82.6792,-0.4071,-3.8613,6.0187,10.0000,7.5474,8
2026-10-05T12:00:00Z,2026-10-05T21:00:00+09:00,RJFC,屋久島,30.3850,130.6600,122,37.1856,1010.0479,993.9440,24.3293,69.3834,5.9281,-8.8912,326.3070,330.0000,20.7723,21
2026-10-05T12:00:00Z,2026-10-05T21:00:00+09:00,RJFE,福江,32.6667,128.8333,251,76.5048,1012.7982,1006.2395,21.8972,61.1515,3.1063,-5.0119,328.2096,330.0000,11.4618,11
2026-10-05T12:00:00Z,2026-10-05T21:00:00+09:00,RJFG,種子島,30.6033,130.9883,768,234.0864,1009.6187,998.7540,24.0731,69.8024,3.1673,-4.4762,324.7171,320.0000,10.6590,11
2026-10-05T12:00:00Z,2026-10-05T21:00:00+09:00,RJFK,鹿児島,31.8033,130.7200,892,271.8816,1010.3774,987.9792,21.0012,72.1441,1.3128,-2.2106,329.2953,330.0000,4.9978,5
2026-10-05T12:00:00Z,2026-10-05T21:00:00+09:00,RJFM,宮崎,31.8767,131.4483,19,5.7912,1009.2304,1005.6260,23.4463,65.8266,3.0701,-1.1665,290.8039,290.0000,6.3841,6
2026-10-05T12:00:00Z,2026-10-05T21:00:00+09:00,RJFO,大分,33.4800,131.7367,17,5.1816,1010.8691,1006.2090,21.9751,70.4498,2.6486,-4.5772,329.9438,330.0000,10.2796,10
2026-10-05T12:00:00Z,2026-10-05T21:00:00+09:00,RJFS,佐賀,33.1500,130.3017,6,1.8288,1012.0552,1011.2559,21.1169,68.0448,2.7944,-3.0428,317.4368,320.0000,8.0305,8
2026-10-05T12:00:00Z,2026-10-05T21:00:00+09:00,RJFT,熊本,32.8367,130.8550,632,192.6336,1011.7398,991.0002,19.5979,81.1068,0.8109,-0.9790,320.3667,320.0000,2.4710,2
2026-10-05T12:00:00Z,2026-10-05T21:00:00+09:00,RJFU,長崎,32.9167,129.9133,8,2.4384,1012.2227,1006.5820,21.7742,62.3977,2.5011,-5.0802,333.7878,330.0000,11.0071,11
2026-10-05T12:00:00Z,2026-10-05T21:00:00+09:00,RJOA,広島,34.4367,132.9200,1086,331.0128,1010.7090,983.9207,18.3824,83.8380,0.7121,-1.3120,331.5075,330.0000,2.9018,3
2026-10-05T12:00:00Z,2026-10-05T21:00:00+09:00,RJOM,松山,33.8267,132.7000,13,3.9624,1010.2271,1006.9446,22.3655,84.5930,-1.2559,-3.9517,17.6304,20.0000,8.0601,8
